demo/image-001.jpg,0
demo/image-002.jpg,0
demo/image-003.jpg,0
demo/image-004.jpg,0
demo/image-005.jpg,0
demo/image-006.jpg,0
demo/image-007.jpg,0
demo/image-008.jpg,0
demo/image-009.jpg,0
demo/image-010.jpg,1,Customer,541,242,577,278
demo/image-011.jpg,0
demo/image-012.jpg,0
demo/image-013.jpg,0
demo/image-014.jpg,0
demo/image-015.jpg,0
demo/image-016.jpg,0
demo/image-017.jpg,0
demo/image-018.jpg,0
demo/image-019.jpg,0
demo/image-020.jpg,0
demo/image-021.jpg,0
demo/image-022.jpg,1,Shubhankar,609,246,645,282
demo/image-023.jpg,0
demo/image-024.jpg,1,Shubhankar,617,242,653,278
demo/image-025.jpg,1,Shubhankar,625,246,661,282
demo/image-026.jpg,1,Shubhankar,629,250,665,286
demo/image-027.jpg,1,Shubhankar,637,250,673,286
demo/image-028.jpg,1,Shubhankar,649,250,685,286
demo/image-029.jpg,1,Shubhankar,657,250,693,286
demo/image-030.jpg,1,Shubhankar,665,246,701,282
demo/image-031.jpg,1,Shubhankar,669,246,705,282
demo/image-032.jpg,1,Shubhankar,673,246,709,282
demo/image-033.jpg,1,Shubhankar,673,250,709,286
demo/image-034.jpg,1,Shubhankar,673,250,709,286
demo/image-035.jpg,1,Shubhankar,669,246,705,282
demo/image-036.jpg,1,Shubhankar,669,242,705,278
demo/image-037.jpg,1,Shubhankar,669,242,705,278
demo/image-038.jpg,1,Shubhankar,665,242,701,278
demo/image-039.jpg,1,Shubhankar,665,242,701,278
demo/image-040.jpg,1,Shubhankar,660,242,703,286
demo/image-041.jpg,1,Shubhankar,660,242,703,286
demo/image-042.jpg,1,Shubhankar,661,246,697,282
demo/image-043.jpg,1,Shubhankar,661,246,697,282
demo/image-044.jpg,1,Shubhankar,661,246,697,282
demo/image-045.jpg,1,Shubhankar,657,246,693,282
demo/image-046.jpg,1,Shubhankar,650,242,693,286
demo/image-047.jpg,1,Shubhankar,640,242,684,286
demo/image-048.jpg,1,Shubhankar,636,242,679,286
demo/image-049.jpg,1,Shubhankar,633,250,669,286
demo/image-050.jpg,1,Shubhankar,626,242,669,286
demo/image-051.jpg,1,Shubhankar,621,242,664,286
demo/image-052.jpg,1,Shubhankar,616,242,660,286
demo/image-053.jpg,1,Shubhankar,613,246,649,282
demo/image-054.jpg,1,Shubhankar,597,242,640,286
demo/image-055.jpg,1,Shubhankar,589,246,625,282
demo/image-056.jpg,1,Shubhankar,577,242,613,278
demo/image-057.jpg,1,Shubhankar,569,242,605,278
demo/image-058.jpg,0
demo/image-059.jpg,0
demo/image-060.jpg,0
demo/image-061.jpg,0
demo/image-062.jpg,0
demo/image-063.jpg,0
demo/image-064.jpg,0
demo/image-065.jpg,0
demo/image-066.jpg,0
demo/image-067.jpg,0
demo/image-068.jpg,0
demo/image-069.jpg,0
demo/image-070.jpg,0
demo/image-071.jpg,0
demo/image-072.jpg,0
demo/image-073.jpg,0
demo/image-074.jpg,0
demo/image-075.jpg,0
demo/image-076.jpg,0
demo/image-077.jpg,0
demo/image-078.jpg,0
demo/image-079.jpg,0
demo/image-080.jpg,0
demo/image-081.jpg,0
demo/image-082.jpg,1,Customer,313,246,349,282
demo/image-083.jpg,1,Shubhankar,309,250,345,286
demo/image-084.jpg,1,Shubhankar,297,250,333,286
demo/image-085.jpg,1,Shubhankar,281,254,317,290
demo/image-086.jpg,1,Shubhankar,265,254,301,290
demo/image-087.jpg,1,Shubhankar,245,254,281,290
demo/image-088.jpg,1,Shubhankar,229,250,265,286
demo/image-089.jpg,1,Shubhankar,217,246,253,282
demo/image-090.jpg,1,Shubhankar,209,246,245,282
demo/image-091.jpg,1,Shubhankar,201,246,237,282
demo/image-092.jpg,1,Shubhankar,193,246,229,282
demo/image-093.jpg,1,Shubhankar,189,250,225,286
demo/image-094.jpg,1,Shubhankar,185,254,221,290
demo/image-095.jpg,1,Shubhankar,185,258,221,294
demo/image-096.jpg,1,Shubhankar,185,258,221,294
demo/image-097.jpg,1,Shubhankar,185,254,221,290
demo/image-098.jpg,1,Shubhankar,185,254,221,290
demo/image-099.jpg,1,Shubhankar,189,258,225,294
demo/image-100.jpg,1,Shubhankar,197,258,233,294
demo/image-101.jpg,1,Shubhankar,205,258,241,294
demo/image-102.jpg,1,Shubhankar,213,258,249,294
demo/image-103.jpg,1,Shubhankar,217,258,253,294
demo/image-104.jpg,1,Shubhankar,218,257,261,300
demo/image-105.jpg,1,Shubhankar,223,257,266,300
demo/image-106.jpg,1,Shubhankar,232,257,275,300
demo/image-107.jpg,1,Shubhankar,245,270,281,306
demo/image-108.jpg,1,Customer,253,286,289,322
demo/image-109.jpg,0
demo/image-110.jpg,0
demo/image-111.jpg,0
demo/image-112.jpg,0
demo/image-113.jpg,0
demo/image-114.jpg,0
demo/image-115.jpg,0
demo/image-116.jpg,0
demo/image-117.jpg,0
demo/image-118.jpg,0
demo/image-119.jpg,0
demo/image-120.jpg,0
demo/image-121.jpg,0
demo/image-122.jpg,1,Shubhankar,177,398,213,434
demo/image-123.jpg,0
demo/image-124.jpg,0
demo/image-125.jpg,0
demo/image-126.jpg,0
demo/image-127.jpg,0
demo/image-128.jpg,0
demo/image-129.jpg,0
demo/image-130.jpg,1,Customer,185,402,221,438
demo/image-131.jpg,1,Shubhankar,180,396,223,439
demo/image-132.jpg,1,Shubhankar,180,396,223,439
demo/image-133.jpg,1,Shubhankar,181,402,217,438
demo/image-134.jpg,1,Shubhankar,185,402,221,438
demo/image-135.jpg,1,Customer,185,402,221,438
demo/image-136.jpg,0
demo/image-137.jpg,0
demo/image-138.jpg,0
demo/image-139.jpg,0
demo/image-140.jpg,0
demo/image-141.jpg,0
demo/image-142.jpg,0
demo/image-143.jpg,0
demo/image-144.jpg,0
demo/image-145.jpg,0
demo/image-146.jpg,0
demo/image-147.jpg,0
demo/image-148.jpg,0
demo/image-149.jpg,0
demo/image-150.jpg,0
demo/image-151.jpg,0
demo/image-152.jpg,0
demo/image-153.jpg,0
demo/image-154.jpg,0
demo/image-155.jpg,0
demo/image-156.jpg,0
demo/image-157.jpg,1,Customer,177,402,213,438
demo/image-158.jpg,0
demo/image-159.jpg,0
demo/image-160.jpg,0
demo/image-161.jpg,0
demo/image-162.jpg,0
demo/image-163.jpg,0
demo/image-164.jpg,0
demo/image-165.jpg,0
demo/image-166.jpg,1,Customer,181,402,217,438
demo/image-167.jpg,1,Shubhankar,181,402,217,438
demo/image-168.jpg,0
demo/image-169.jpg,0
demo/image-170.jpg,1,Customer,177,402,213,438
demo/image-171.jpg,0
demo/image-172.jpg,0
demo/image-173.jpg,0
demo/image-174.jpg,0
demo/image-175.jpg,0
demo/image-176.jpg,0
demo/image-177.jpg,0
demo/image-178.jpg,0
demo/image-179.jpg,0
demo/image-180.jpg,0
demo/image-181.jpg,0
demo/image-182.jpg,0
demo/image-183.jpg,0
demo/image-184.jpg,0
demo/image-185.jpg,0
demo/image-186.jpg,0
demo/image-187.jpg,0
demo/image-188.jpg,1,Customer,177,406,213,442
demo/image-189.jpg,0
demo/image-190.jpg,0
demo/image-191.jpg,0
demo/image-192.jpg,0
demo/image-193.jpg,0
demo/image-194.jpg,0
demo/image-195.jpg,0
demo/image-196.jpg,0
demo/image-197.jpg,0
demo/image-198.jpg,0
demo/image-199.jpg,0
demo/image-200.jpg,1,Customer,173,402,209,438
demo/image-201.jpg,0
demo/image-202.jpg,0
demo/image-203.jpg,0
demo/image-204.jpg,0
demo/image-205.jpg,0
demo/image-206.jpg,0
demo/image-207.jpg,0
demo/image-208.jpg,0
demo/image-209.jpg,0
demo/image-210.jpg,0
demo/image-211.jpg,0
demo/image-212.jpg,1,Customer,193,402,229,438
demo/image-213.jpg,0
demo/image-214.jpg,0
demo/image-215.jpg,0
demo/image-216.jpg,0
demo/image-217.jpg,0
demo/image-218.jpg,0
demo/image-219.jpg,0
demo/image-220.jpg,0
demo/image-221.jpg,0
demo/image-222.jpg,0
demo/image-223.jpg,0
demo/image-224.jpg,0
demo/image-225.jpg,0
demo/image-226.jpg,0
demo/image-227.jpg,0
demo/image-228.jpg,0
demo/image-229.jpg,0
demo/image-230.jpg,0
demo/image-231.jpg,0
demo/image-232.jpg,0
demo/image-233.jpg,0
demo/image-234.jpg,0
demo/image-235.jpg,0
demo/image-236.jpg,0
demo/image-237.jpg,0
demo/image-238.jpg,0
demo/image-239.jpg,0
demo/image-240.jpg,0
demo/image-241.jpg,0
demo/image-242.jpg,0
demo/image-243.jpg,1,Shubhankar,405,258,441,294
demo/image-244.jpg,1,Customer,421,254,457,290
demo/image-245.jpg,1,Customer,441,250,477,286
demo/image-246.jpg,1,Customer,457,250,493,286
demo/image-247.jpg,1,Customer,473,254,509,290
demo/image-248.jpg,1,Shubhankar,489,258,525,294
demo/image-249.jpg,1,Customer,505,254,541,290
demo/image-250.jpg,0
demo/image-251.jpg,1,Customer,537,242,573,278
demo/image-252.jpg,1,Customer,557,242,593,278
demo/image-253.jpg,1,Customer,577,242,613,278
demo/image-254.jpg,1,Customer,597,246,633,282
demo/image-255.jpg,1,Customer,617,250,653,286
demo/image-256.jpg,0
demo/image-257.jpg,0
demo/image-258.jpg,1,Shubhankar,673,242,709,278
demo/image-259.jpg,1,Customer,693,242,729,278
demo/image-260.jpg,1,Shubhankar,705,246,741,282
demo/image-261.jpg,1,Shubhankar,721,246,757,282
demo/image-262.jpg,0
demo/image-263.jpg,0
demo/image-264.jpg,0
demo/image-265.jpg,0
demo/image-266.jpg,0
demo/image-267.jpg,0
demo/image-268.jpg,0
demo/image-269.jpg,0
demo/image-270.jpg,0
demo/image-271.jpg,0
demo/image-272.jpg,0
demo/image-273.jpg,0
demo/image-274.jpg,0
demo/image-275.jpg,0
demo/image-276.jpg,0
demo/image-277.jpg,0
demo/image-278.jpg,0
demo/image-279.jpg,0
demo/image-280.jpg,0
demo/image-281.jpg,0
demo/image-282.jpg,0
demo/image-283.jpg,0
demo/image-284.jpg,0
demo/image-285.jpg,0
demo/image-286.jpg,0
demo/image-287.jpg,0
demo/image-288.jpg,0
demo/image-289.jpg,0
demo/image-290.jpg,0
demo/image-291.jpg,0
demo/image-292.jpg,0
demo/image-293.jpg,0
demo/image-294.jpg,0
demo/image-295.jpg,0
demo/image-296.jpg,0
demo/image-297.jpg,0
demo/image-298.jpg,0
demo/image-299.jpg,0
demo/image-300.jpg,0
demo/image-301.jpg,0
demo/image-302.jpg,0
demo/image-303.jpg,0
demo/image-304.jpg,0
demo/image-305.jpg,0
demo/image-306.jpg,0
demo/image-307.jpg,0
demo/image-308.jpg,0
demo/image-309.jpg,0
demo/image-310.jpg,0
demo/image-311.jpg,0
demo/image-312.jpg,0
demo/image-313.jpg,0
demo/image-314.jpg,0
demo/image-315.jpg,0
demo/image-316.jpg,0
demo/image-317.jpg,0
demo/image-318.jpg,0
demo/image-319.jpg,0
demo/image-320.jpg,0
demo/image-321.jpg,0
demo/image-322.jpg,0
demo/image-323.jpg,0
demo/image-324.jpg,0
demo/image-325.jpg,0
demo/image-326.jpg,0
demo/image-327.jpg,0
demo/image-328.jpg,0
demo/image-329.jpg,0
demo/image-330.jpg,0
demo/image-331.jpg,0
demo/image-332.jpg,0
demo/image-333.jpg,0
demo/image-334.jpg,0
demo/image-335.jpg,0
demo/image-336.jpg,1,Customer,617,286,653,322
demo/image-337.jpg,1,Customer,613,286,649,322
demo/image-338.jpg,1,Customer,609,286,645,322
demo/image-339.jpg,1,Customer,601,286,637,322
demo/image-340.jpg,1,Customer,597,290,633,326
demo/image-341.jpg,1,Customer,593,290,629,326
demo/image-342.jpg,1,Customer,589,294,625,330
demo/image-343.jpg,1,Customer,585,302,621,338
demo/image-344.jpg,0
demo/image-345.jpg,0
demo/image-346.jpg,1,Customer,581,302,617,338
demo/image-347.jpg,1,Customer,581,298,617,334
demo/image-348.jpg,1,Customer,577,294,613,330
demo/image-349.jpg,1,Customer,577,298,613,334
demo/image-350.jpg,1,Customer,581,298,617,334
demo/image-351.jpg,1,Customer,577,294,613,330
demo/image-352.jpg,1,Customer,581,290,617,326
demo/image-353.jpg,1,Customer,589,286,625,322
demo/image-354.jpg,1,Customer,597,294,633,330
demo/image-355.jpg,1,Customer,609,298,645,334
demo/image-356.jpg,1,Customer,629,302,665,338
demo/image-357.jpg,0
demo/image-358.jpg,1,Customer,677,294,713,330
demo/image-359.jpg,1,Customer,697,290,733,326
demo/image-360.jpg,1,Customer,717,290,760,334
demo/image-361.jpg,0
demo/image-362.jpg,0
demo/image-363.jpg,1,Customer,969,314,1005,350
demo/image-364.jpg,0
demo/image-365.jpg,0
demo/image-366.jpg,1,Customer,969,314,1005,350
demo/image-367.jpg,0
demo/image-368.jpg,0
demo/image-369.jpg,0
demo/image-370.jpg,0
demo/image-371.jpg,0
demo/image-372.jpg,0
demo/image-373.jpg,0
demo/image-374.jpg,0
demo/image-375.jpg,0
demo/image-376.jpg,0
demo/image-377.jpg,0
demo/image-378.jpg,0
demo/image-379.jpg,0
demo/image-380.jpg,0
demo/image-381.jpg,0
demo/image-382.jpg,0
demo/image-383.jpg,0
demo/image-384.jpg,0
demo/image-385.jpg,0
demo/image-386.jpg,0
demo/image-387.jpg,0
demo/image-388.jpg,0
demo/image-389.jpg,0
demo/image-390.jpg,0
demo/image-391.jpg,0
demo/image-392.jpg,0
demo/image-393.jpg,0
demo/image-394.jpg,0
demo/image-395.jpg,0
demo/image-396.jpg,0
demo/image-397.jpg,0
demo/image-398.jpg,0
demo/image-399.jpg,0
demo/image-400.jpg,0
demo/image-401.jpg,0
demo/image-402.jpg,0
demo/image-403.jpg,0
demo/image-404.jpg,0
demo/image-405.jpg,0
demo/image-406.jpg,0
demo/image-407.jpg,0
demo/image-408.jpg,0
demo/image-409.jpg,0
demo/image-410.jpg,0
demo/image-411.jpg,0
demo/image-412.jpg,1,Shubhankar,793,274,829,310
demo/image-413.jpg,0
demo/image-414.jpg,0
demo/image-415.jpg,0
demo/image-416.jpg,0
demo/image-417.jpg,0
demo/image-418.jpg,0
demo/image-419.jpg,0
demo/image-420.jpg,1,Shubhankar,793,278,829,314
demo/image-421.jpg,0
demo/image-422.jpg,1,Shubhankar,793,278,829,314
demo/image-423.jpg,0
demo/image-424.jpg,0
demo/image-425.jpg,1,Shubhankar,793,274,829,310
demo/image-426.jpg,0
demo/image-427.jpg,0
demo/image-428.jpg,0
demo/image-429.jpg,0
demo/image-430.jpg,0
demo/image-431.jpg,0
demo/image-432.jpg,0
demo/image-433.jpg,0
demo/image-434.jpg,0
demo/image-435.jpg,0
demo/image-436.jpg,0
demo/image-437.jpg,0
demo/image-438.jpg,0
demo/image-439.jpg,0
demo/image-440.jpg,0
demo/image-441.jpg,0
demo/image-442.jpg,0
demo/image-443.jpg,0
demo/image-444.jpg,0
demo/image-445.jpg,0
demo/image-446.jpg,0
demo/image-447.jpg,0
demo/image-448.jpg,0
demo/image-449.jpg,0
demo/image-450.jpg,0
demo/image-451.jpg,0
demo/image-452.jpg,0
demo/image-453.jpg,0
demo/image-454.jpg,0
demo/image-455.jpg,0
demo/image-456.jpg,0
demo/image-457.jpg,0
demo/image-458.jpg,0
demo/image-459.jpg,0
demo/image-460.jpg,0
demo/image-461.jpg,0
demo/image-462.jpg,0
demo/image-463.jpg,0
demo/image-464.jpg,0
demo/image-465.jpg,0
demo/image-466.jpg,0
demo/image-467.jpg,0
demo/image-468.jpg,0
demo/image-469.jpg,0
demo/image-470.jpg,0
demo/image-471.jpg,0
demo/image-472.jpg,0
demo/image-473.jpg,0
demo/image-474.jpg,0
demo/image-475.jpg,0
demo/image-476.jpg,0
demo/image-477.jpg,0
demo/image-478.jpg,0
demo/image-479.jpg,0
demo/image-480.jpg,0
demo/image-481.jpg,0
demo/image-482.jpg,0
demo/image-483.jpg,0
demo/image-484.jpg,0
demo/image-485.jpg,0
demo/image-486.jpg,0
demo/image-487.jpg,0
demo/image-488.jpg,0
demo/image-489.jpg,0
demo/image-490.jpg,0
demo/image-491.jpg,0
demo/image-492.jpg,0
demo/image-493.jpg,0
demo/image-494.jpg,0
demo/image-495.jpg,0
demo/image-496.jpg,0
demo/image-497.jpg,0
demo/image-498.jpg,0
demo/image-499.jpg,0
demo/image-500.jpg,0
demo/image-501.jpg,0
demo/image-502.jpg,0
demo/image-503.jpg,0
demo/image-504.jpg,0
demo/image-505.jpg,0
demo/image-506.jpg,0
demo/image-507.jpg,0
demo/image-508.jpg,0
demo/image-509.jpg,0
demo/image-510.jpg,0
demo/image-511.jpg,0
demo/image-512.jpg,0
demo/image-513.jpg,0
demo/image-514.jpg,0
demo/image-515.jpg,0
demo/image-516.jpg,0
demo/image-517.jpg,0
demo/image-518.jpg,0
demo/image-519.jpg,0
demo/image-520.jpg,0
demo/image-521.jpg,0
demo/image-522.jpg,0
demo/image-523.jpg,0
demo/image-524.jpg,0
demo/image-525.jpg,1,Shubhankar,793,270,829,306
demo/image-526.jpg,1,Shubhankar,789,270,825,306
demo/image-527.jpg,1,Shubhankar,781,270,817,306
demo/image-528.jpg,1,Shubhankar,773,270,809,306
demo/image-529.jpg,0
demo/image-530.jpg,1,Shubhankar,753,270,789,306
demo/image-531.jpg,1,Shubhankar,745,270,781,306
demo/image-532.jpg,1,Shubhankar,737,274,773,310
demo/image-533.jpg,1,Shubhankar,729,274,765,310
demo/image-534.jpg,1,Shubhankar,722,266,765,310
demo/image-535.jpg,1,Shubhankar,717,266,760,310
demo/image-536.jpg,1,Shubhankar,717,271,760,314
demo/image-537.jpg,1,Shubhankar,717,271,760,314
demo/image-538.jpg,1,Shubhankar,722,271,765,314
demo/image-539.jpg,1,Shubhankar,727,271,770,314
demo/image-540.jpg,1,Shubhankar,736,271,780,314
demo/image-541.jpg,1,Shubhankar,746,266,789,310
demo/image-542.jpg,1,Shubhankar,751,266,794,310
demo/image-543.jpg,1,Shubhankar,760,266,804,310
demo/image-544.jpg,1,Shubhankar,765,266,808,310
demo/image-545.jpg,1,Shubhankar,770,266,813,310
demo/image-546.jpg,1,Shubhankar,775,271,818,314
demo/image-547.jpg,1,Shubhankar,780,271,823,314
demo/image-548.jpg,1,Shubhankar,784,271,828,314
demo/image-549.jpg,1,Shubhankar,784,266,828,310
demo/image-550.jpg,1,Shubhankar,789,262,832,305
demo/image-551.jpg,1,Shubhankar,794,262,837,305
demo/image-552.jpg,1,Shubhankar,799,262,842,305
demo/image-553.jpg,1,Shubhankar,804,262,847,305
demo/image-554.jpg,1,Shubhankar,813,262,849,298
demo/image-555.jpg,1,Shubhankar,818,262,861,305
demo/image-556.jpg,1,Shubhankar,825,262,861,298
demo/image-557.jpg,1,Shubhankar,833,262,869,298
demo/image-558.jpg,1,Shubhankar,837,262,880,305
demo/image-559.jpg,1,Shubhankar,842,262,885,305
demo/image-560.jpg,1,Shubhankar,852,266,895,310
demo/image-561.jpg,1,Shubhankar,855,262,907,314
demo/image-562.jpg,1,Shubhankar,867,262,919,314
demo/image-563.jpg,1,Shubhankar,880,266,923,310
demo/image-564.jpg,1,Shubhankar,884,268,936,320
demo/image-565.jpg,1,Shubhankar,890,268,942,320
demo/image-566.jpg,1,Shubhankar,895,268,947,320
demo/image-567.jpg,1,Shubhankar,890,262,942,314
demo/image-568.jpg,1,Shubhankar,890,262,933,305
demo/image-569.jpg,1,Shubhankar,890,257,933,300
demo/image-570.jpg,1,Shubhankar,872,251,924,303
demo/image-571.jpg,1,Shubhankar,866,257,909,300
demo/image-572.jpg,1,Shubhankar,856,257,900,300
demo/image-573.jpg,1,Shubhankar,849,262,885,298
demo/image-574.jpg,1,Shubhankar,837,262,873,298
demo/image-575.jpg,1,Shubhankar,823,257,866,300
demo/image-576.jpg,1,Shubhankar,813,252,856,295
demo/image-577.jpg,1,Shubhankar,804,252,847,295
demo/image-578.jpg,1,Shubhankar,789,257,832,300
demo/image-579.jpg,1,Shubhankar,777,262,813,298
demo/image-580.jpg,0
demo/image-581.jpg,0
demo/image-582.jpg,0
demo/image-583.jpg,0
demo/image-584.jpg,0
demo/image-585.jpg,0
demo/image-586.jpg,0
demo/image-587.jpg,0
demo/image-588.jpg,0
demo/image-589.jpg,0
demo/image-590.jpg,0
demo/image-591.jpg,0
demo/image-592.jpg,0
demo/image-593.jpg,0
demo/image-594.jpg,0
demo/image-595.jpg,0
demo/image-596.jpg,0
demo/image-597.jpg,0
demo/image-598.jpg,0
demo/image-599.jpg,0
demo/image-600.jpg,0
demo/image-601.jpg,0
demo/image-602.jpg,0
demo/image-603.jpg,0
demo/image-604.jpg,0
demo/image-605.jpg,0
demo/image-606.jpg,0
demo/image-607.jpg,0
demo/image-608.jpg,0
demo/image-609.jpg,0
demo/image-610.jpg,0
demo/image-611.jpg,0
demo/image-612.jpg,0
demo/image-613.jpg,0
demo/image-614.jpg,0
demo/image-615.jpg,0
demo/image-616.jpg,1,Shubhankar,301,274,337,310
demo/image-617.jpg,1,Shubhankar,289,274,325,310
demo/image-618.jpg,1,Customer,277,274,313,310
demo/image-619.jpg,1,Customer,261,278,297,314
demo/image-620.jpg,1,Customer,241,274,277,310
demo/image-621.jpg,1,Customer,229,274,265,310
demo/image-622.jpg,1,Customer,217,270,253,306
demo/image-623.jpg,1,Customer,209,270,245,306
demo/image-624.jpg,1,Shubhankar,201,270,237,306
demo/image-625.jpg,1,Shubhankar,197,274,233,310
demo/image-626.jpg,1,Shubhankar,197,274,233,310
demo/image-627.jpg,1,Shubhankar,197,274,233,310
demo/image-628.jpg,1,Shubhankar,197,270,233,306
demo/image-629.jpg,1,Shubhankar,197,266,233,302
demo/image-630.jpg,1,Shubhankar,201,262,237,298
demo/image-631.jpg,1,Shubhankar,204,252,247,295
demo/image-632.jpg,1,Shubhankar,208,252,252,295
demo/image-633.jpg,1,Shubhankar,208,252,252,295
demo/image-634.jpg,1,Shubhankar,208,252,252,295
demo/image-635.jpg,1,Shubhankar,209,258,245,294
demo/image-636.jpg,1,Shubhankar,208,257,252,300
demo/image-637.jpg,1,Shubhankar,217,266,253,302
demo/image-638.jpg,1,Shubhankar,225,270,261,306
demo/image-639.jpg,1,Customer,229,282,265,318
demo/image-640.jpg,1,Customer,233,306,269,342
demo/image-641.jpg,1,Customer,237,330,273,366
demo/image-642.jpg,0
demo/image-643.jpg,0
demo/image-644.jpg,1,Customer,217,378,253,414
demo/image-645.jpg,1,Customer,205,382,241,418
demo/image-646.jpg,0
demo/image-647.jpg,0
demo/image-648.jpg,0
demo/image-649.jpg,0
demo/image-650.jpg,0
demo/image-651.jpg,0
